{
  "Lw1_per_max": 0.903808909816476,
  "Lw1_per_mean": 0.4816455801640507,
  "Lw2_per_max": 1.7380753955952135,
  "Lw2_per_mean": 1.4418795675461908,
  "Rel_h": 0.15244164600586577
}