{
  "Lw1_per_max": 8.98744269268323,
  "Lw1_per_mean": 7.8096725684447135,
  "Lw2_per_max": 13.172218150922008,
  "Lw2_per_mean": 11.452164798398682,
  "Rel_h": 0.3638276759281631
}