{
  "Lw1_per_max": 1.4618897972222338,
  "Lw1_per_mean": 1.4276865578408071,
  "Lw2_per_max": 1.7173819517204716,
  "Lw2_per_mean": 1.5971135958899887,
  "Rel_h": 0.1558271063709796
}