{
  "Lw1_per_max": 26.909701261164788,
  "Lw1_per_mean": 23.372298267442428,
  "Lw2_per_max": 35.598664078706875,
  "Lw2_per_mean": 30.78705028572665,
  "Rel_h": 0.666455064520401
}