{
  "Lw1_per_max": 0.023255662214043182,
  "Lw1_per_mean": 0.019798913697663855,
  "Lw2_per_max": 0.02359693506538139,
  "Lw2_per_mean": 0.01995716965598831,
  "Rel_h": 0.0014499684917105003
}