{
  "Lw1_per_max": 95.37634828318787,
  "Lw1_per_mean": 86.35119697839018,
  "Lw2_per_max": 98.28029820435701,
  "Lw2_per_mean": 92.17267075663354,
  "Rel_h": 0.8005396623283199
}