{
  "Lw1_per_max": 0.29891039392272944,
  "Lw1_per_mean": 0.2804918059989861,
  "Lw2_per_max": 0.3582278398086886,
  "Lw2_per_mean": 0.25808290239169024,
  "Rel_h": 0.1470648177199697
}