{
  "Lw1_per_max": 91.33608901411357,
  "Lw1_per_mean": 89.883680920843,
  "Lw2_per_max": 101.22095532455326,
  "Lw2_per_mean": 99.39572151074103,
  "Rel_h": 0.9766234516943443
}