{
  "Lw1_per_max": 59.171083537660415,
  "Lw1_per_mean": 49.787894297883405,
  "Lw2_per_max": 68.87319821896486,
  "Lw2_per_mean": 60.01171308982307,
  "Rel_h": 0.7792593634933632
}