{
  "Lw1_per_max": 0.5901567983490676,
  "Lw1_per_mean": 0.5069399379717126,
  "Lw2_per_max": 1.631868136742666,
  "Lw2_per_mean": 1.5793943183979562,
  "Rel_h": 0.17171864508153797
}