{
  "Lw1_per_max": 13.233390082929134,
  "Lw1_per_mean": 12.555230952873666,
  "Lw2_per_max": 4.590960568767128,
  "Lw2_per_mean": 4.114796731777057,
  "Rel_h": 0.3632871290471482
}