{
  "Lw1_per_max": 0.029939523485702876,
  "Lw1_per_mean": 0.026642282092721542,
  "Lw2_per_max": 0.029808632304600072,
  "Lw2_per_mean": 0.02687360499895548,
  "Rel_h": 0.0028817579097884455
}