{
  "Lw1_per_max": 40.85802434555418,
  "Lw1_per_mean": 29.102468108563098,
  "Lw2_per_max": 51.24323385934244,
  "Lw2_per_mean": 36.842209630386805,
  "Rel_h": 0.6603966933031057
}