{
  "Lw1_per_max": 0.6122253833647211,
  "Lw1_per_mean": 0.6029626856802872,
  "Lw2_per_max": 0.6592144293170895,
  "Lw2_per_mean": 0.5618648525670562,
  "Rel_h": 0.14068130441069632
}