{
  "Lw1_per_max": 0.02207656905094659,
  "Lw1_per_mean": 0.019096907928335346,
  "Lw2_per_max": 0.03522294096898658,
  "Lw2_per_mean": 0.027413811284108223,
  "Rel_h": 0.001693506094839413
}