{
  "Lw1_per_max": 99.81871778060757,
  "Lw1_per_mean": 98.82984652964298,
  "Lw2_per_max": 100.17125874925988,
  "Lw2_per_mean": 100.00645766852486,
  "Rel_h": 0.9870643685228738
}