{
  "Lw1_per_max": 2.2519303176337457,
  "Lw1_per_mean": 2.20831098465098,
  "Lw2_per_max": 1.3073654121237936,
  "Lw2_per_mean": 1.2485808190947734,
  "Rel_h": 0.1708277347104248
}