{
  "Lw1_per_max": 33.980932821767965,
  "Lw1_per_mean": 24.121771755185424,
  "Lw2_per_max": 43.30959161159574,
  "Lw2_per_mean": 31.6311730084336,
  "Rel_h": 0.6502026889437824
}