{
  "Lw1_per_max": 13.233398106950983,
  "Lw1_per_mean": 12.55519590361145,
  "Lw2_per_max": 4.59117543253352,
  "Lw2_per_mean": 4.114769698880136,
  "Rel_h": 0.36328589075970813
}