{
  "Lw1_per_max": 83.75009343572191,
  "Lw1_per_mean": 81.80480811357262,
  "Lw2_per_max": 97.37088804798178,
  "Lw2_per_mean": 91.64493990232977,
  "Rel_h": 0.9412891399427962
}