{
  "Lw1_per_max": 16.98588745339717,
  "Lw1_per_mean": 10.856424843301998,
  "Lw2_per_max": 5.727793538232277,
  "Lw2_per_mean": 4.458098922785392,
  "Rel_h": 0.3612254198255978
}