{
  "Lw1_per_max": 3.525703507434721,
  "Lw1_per_mean": 3.436241785111503,
  "Lw2_per_max": 4.877323468789158,
  "Lw2_per_mean": 4.773220371002252,
  "Rel_h": 0.16986519046219867
}