{
  "Lw1_per_max": 92.05791680446333,
  "Lw1_per_mean": 91.19969378247373,
  "Lw2_per_max": 99.01835552943507,
  "Lw2_per_mean": 97.48431431762984,
  "Rel_h": 0.9502796204944459
}