{
  "Lw1_per_max": 7.442907010031656,
  "Lw1_per_mean": 7.28735174620041,
  "Lw2_per_max": 2.3793275445477025,
  "Lw2_per_mean": 2.3233729833852,
  "Rel_h": 0.3416734026935824
}