{
  "Lw1_per_max": 1.6364582986292804,
  "Lw1_per_mean": 1.1488973240619387,
  "Lw2_per_max": 2.716379804941019,
  "Lw2_per_mean": 2.0145194919875347,
  "Rel_h": 0.1733539758229786
}