{
  "Lw1_per_max": 0.24868680285749714,
  "Lw1_per_mean": 0.24183236793349586,
  "Lw2_per_max": 0.4436633251337468,
  "Lw2_per_mean": 0.35967187624883423,
  "Rel_h": 0.12993215260099325
}