{
  "Lw1_per_max": 0.5643878140480464,
  "Lw1_per_mean": 0.541116300275983,
  "Lw2_per_max": 0.6371825730101243,
  "Lw2_per_mean": 0.5439830289924363,
  "Rel_h": 0.13683537946681065
}