{
  "Lw1_per_max": 1.658544171011429,
  "Lw1_per_mean": 1.3447065084954233,
  "Lw2_per_max": 1.8053798388982676,
  "Lw2_per_mean": 1.4804542428508665,
  "Rel_h": 0.0781672156064302
}