{
  "Lw1_per_max": 31.662746587306223,
  "Lw1_per_mean": 31.514707718946376,
  "Lw2_per_max": 99.73398272599839,
  "Lw2_per_mean": 99.21628957325692,
  "Rel_h": 0.7970959907841212
}