{
  "Lw1_per_max": 99.43342951022565,
  "Lw1_per_mean": 99.43340895898974,
  "Lw2_per_max": 100.00000334211474,
  "Lw2_per_mean": 100.00000033169884,
  "Rel_h": 0.9761330661884503
}