{
  "Lw1_per_max": 13.162434988508814,
  "Lw1_per_mean": 13.015293326511335,
  "Lw2_per_max": 3.6723429799815808,
  "Lw2_per_mean": 3.3571273131385895,
  "Rel_h": 0.3739572774740758
}