{
  "Lw1_per_max": 36.218529415230286,
  "Lw1_per_mean": 27.40866131571878,
  "Lw2_per_max": 47.09139070562215,
  "Lw2_per_mean": 35.88566313793135,
  "Rel_h": 1.7186252090770664
}